,Category,Rating,Priority,1 - Lagging,2 - Developing,3 - Proficient,4 - Exemplary
,FDR,Development Velocity & Throughput,High,Software delivery stalls frequently; support tickets pile up without resolution; deployment cycles exceed 3+ weeks; team context-switches constantly between development and urgent field failures.,Moderate throughput on feature releases; some support tickets addressed but response time inconsistent (5-10 days); predictability challenged by unexpected hardware failures requiring dev team involvement; quality issues in driver releases cause field regressions.,Consistent delivery of features and support resolution; development cycles average 2-3 weeks; support tickets resolved within 48-72 hours; hardware integration quality stable; team balances proactive development with reactive support demands effectively.,High velocity across both domains; feature releases every 1-2 weeks with zero regressions in hardware integration; support tickets resolved within 24 hours; cross-platform driver reliability exceeds 99.5%; deployment predictability enables business roadmap confidence.
,FDR,Predictability,High,"Delivery timelines unpredictable; firmware/driver releases frequently slip; support ticket resolution times vary wildly (same issue takes 2 days one week, 2 weeks the next); hardware lab availability undefined.",Most delivery commitments met but occasional slips; hardware testing cycles somewhat predictable but prone to environmental issues; stakeholders have rough visibility into kiosk uptime improvements; field deployment timing unclear until last minute.,Delivery forecasts reliable; hardware deployment windows consistent; support response SLAs met 90%+ of time; stakeholders can plan around team capacity; firmware release cycles predictable and scheduled proactively.,Delivery forecasting highly accurate; support SLA compliance at 99%+; hardware deployment schedules optimized to business needs; stakeholders trust team timelines; crisis response time for deployed kiosk failures < 2 hours.
,FDR,Quality & Stability,High,Drivers contain critical bugs; hardware integration layer unstable causing frequent field failures; kiosk downtime >5% monthly; serial communication/USB protocol issues unresolved; support team overwhelmed by recurring issues.,Most drivers functional but occasional integration bugs escape to production; kiosk uptime 95-97%; fingerprint scanner reliability inconsistent across hardware versions; some repeated support tickets indicate root causes not addressed; basic driver testing present but incomplete.,"Drivers stable and well-tested before deployment; hardware abstraction layer supports multiple device types reliably; kiosk uptime >98%; field failures rare and quickly resolved; serialization/USB protocol handling robust; support team addressing new issues, not firefighting.",Driver quality production-grade; hardware integration layer abstraction enables rapid new device onboarding; kiosk uptime >99.5%; zero recurring field issues; comprehensive driver test coverage; cash acceptance and fingerprint scanner APIs perform flawlessly.
,FDR,Cross-Team Collaboration,High,Minimal communication with deployment/operations teams; field issues discovered late; integration with ClickUp ad-hoc; no visibility into business urgency of ticket priority; support team isolated from dev insights.,Regular ClickUp updates on ticket progress; occasional sync with deployment teams; some awareness of business context for support issues; field team beginning to understand hardware constraints from dev team.,Strong ClickUp collaboration; weekly syncs with deployment and operations; transparent communication on ticket dependencies; dev team proactively identifies hardware/firmware risk areas; support team consulted during hardware selection.,Seamless cross-functional collaboration; real-time ClickUp visibility for all stakeholders; field team educated on hardware optimization; dev team partners with procurement on hardware selection; unified incident response process for kiosk failures.
,RO,Allocation,High,2 developers constantly pulled into support firefighting; backlog of feature development stalled; 7 support staff underutilized or unclear on priorities; dev/support split ratio doesn't match workload reality; hardware test bench sits idle or under-resourced.,Some structure to dev/support split but frequently disrupted; developers spend 40%+ time on support tickets; support team mostly handles triage but can't resolve complex hardware issues; test bench usage inconsistent.,Clear allocation: developers focus on strategic features while mentoring support team; support team handles 70%+ of tickets independently; complex hardware issues escalated efficiently; test bench prioritized for release validation; workload ratio aligns with team capacity.,"Optimized allocation: developers 80% on features/infrastructure, 20% on critical escalations; support team resolves 90%+ of tickets independently; test bench usage maximized; hardware lab enables rapid issue reproduction; allocation reviewed quarterly and adjusted proactively."
,RO,Capacity Management,High,Burnout evident; support team handling 50+ open tickets; developers unable to plan sprints; hardware testing backlog months old; no contingency for vendor support delays or hardware EOL.,Capacity tracked but frequently exceeded; support team carries 30-40 concurrent tickets; development planning challenged by unpredictable support load; hardware lab capacity not formally managed; single points of failure for specialized hardware knowledge.,Capacity tracked and managed; support team carries sustainable 20-30 concurrent tickets; development sprints planned with 20% buffer for support escalations; hardware lab reserved for critical testing; cross-training beginning to reduce knowledge silos.,Capacity forecasted accurately; support team operates at optimal 15-25 concurrent tickets; development velocity predictable despite support load; hardware lab prioritization transparent; succession planning mitigates knowledge concentration risk; vendor support roadmap monitored.
,RO,Tooling & Infrastructure,High,Limited debugging tools; hardware test bench outdated or absent; ClickUp not configured for ticket triage; no remote diagnostic capabilities; development environment requires manual setup.,Basic test bench available but limited hardware configurations; ClickUp used but suboptimal workflow; manual remote diagnostics required; debugging tools inconsistent across developer machines; hardware documentation scattered.,"Well-equipped hardware lab with fingerprint scanner, cash acceptance, and kiosk simulation; remote diagnostic tools enable field issue investigation; ClickUp configured with automated workflows and escalation rules; debugging tools standardized; hardware integration test automation in place.",Advanced hardware lab with full kiosk simulation environment; remote diagnostics automated for common issues; ClickUp integrated with GitHub/build system; comprehensive debugging toolkit; hardware driver test rigs for continuous validation; automated hardware compatibility matrix.
,RO,Cost Efficiency,High,Hardware procurement expensive and reactive; test bench/lab equipment costs unsustainable; vendor contracts poorly negotiated; support tool costs not optimized; redundant hardware inventory.,Some hardware cost management; vendor relationships developing; unnecessary hardware inventory reduced; test equipment costs tracked but not optimized; service contract terms not negotiated annually.,Proactive hardware procurement aligned with roadmap; vendor relationships yield favorable pricing; test lab equipment strategically selected for ROI; support costs per ticket trending down; inventory levels optimized; annual vendor contract review.,Hardware costs 15%+ below market through strategic vendor partnerships; test lab ROI measured and optimized; support cost per ticket down 25% YoY; inventory just-in-time managed; vendor roadmap alignment prevents costly EOL surprises; hardware refresh cycles planned 12 months ahead.
,SS,Communication & Transparency,Medium,Stakeholders unaware of ticket status; field teams surprised by hardware limitation announcements; deployment timelines communicated late or inaccurate; ClickUp updates sporadic; support SLA violations undisclosed.,Basic ticket status updates in ClickUp; field teams receive deployment windows but sometimes with short notice; some transparency on known hardware limitations; support metrics reported monthly but incomplete.,Real-time ClickUp visibility for ticket status and hardware deployment windows; field teams proactively notified of hardware changes and limitations; weekly digest of support metrics; stakeholders understand driver roadmap; hardware EOL announcements communicated 90 days ahead.,Transparent ClickUp dashboard visible to all stakeholders; automated ticket escalation alerts; field teams educated on hardware capabilities/limitations upfront; monthly support analytics with trends; hardware roadmap published quarterly; stakeholder feedback loop integrated into release planning.
,SS,Expectation Management,Medium,Hardware capabilities oversold; support team promises unrealistic resolution times; feature requests for unsupported hardware accepted without explanation; business expectations misaligned with hardware constraints.,Some clarity on hardware limitations but not communicated consistently; support team sometimes overpromises; business understands some (not all) hardware constraints; occasional misalignment on feasibility.,Clear documented hardware capability matrix shared with stakeholders; support team sets realistic expectations (24-48hr response for standard issues); business understands hardware limitations impact timelines; feasibility clarified before requirements written; vendor support constraints communicated proactively.,Hardware compatibility matrix published and updated quarterly; stakeholders understand hardware support EOL schedules; business roadmap reflects hardware constraints realistically; support commitments set with buffer; escalation path clear for urgent kiosk failures; vendor limitation impacts explained proactively.
,SS,Alignment with Business Vision,Medium,Team not connected to business goals; hardware selection driven by cost alone; support priorities misaligned with revenue impact; kiosk uptime targets not understood or tracked.,Some awareness of business goals; hardware selection considers cost and capability; support priorities roughly aligned with ticket volume; kiosk uptime tracked informally.,"Hardware strategy aligned with 3-year business roadmap; support team understands revenue impact of kiosk uptime; feature prioritization reflects business goals; hardware selection balances cost, capability, and strategic fit.","Hardware roadmap directly supports business expansion targets; support team measured on business KPIs (kiosk uptime, customer impact); feature prioritization transparent and business-driven; hardware investments enable new market opportunities; team proactively identifies capability gaps."
,SS,Feedback Integration,Medium,Field feedback rarely captured or acted upon; support team insights not shared with developers; hardware limitation feedback ignored; stakeholder concerns not addressed in retrospectives.,Occasional field feedback collected; support team inputs development prioritization sometimes; feedback mechanism informal; hardware change impact on field teams not fully understood.,Systematic feedback collection from field teams and support staff; monthly retrospectives integrate field insights; hardware limitations documented based on field experience; feedback influences feature prioritization; issue patterns drive proactive improvements.,Formal feedback loop: field teams → support → development; feedback tracked in ClickUp with trend analysis; hardware limitation feedback drives vendor negotiations; quarterly retrospectives focus on field team learnings; feedback directly shapes hardware roadmap and support automation.
,IRR,Root Cause Analysis,High,"Deployed kiosk failures addressed with quick fixes, not root causes; driver issues reoccur in field; hardware/firmware mismatch problems not investigated; support team lacks tools to diagnose serial communication or USB protocol failures.",Some RCA performed but not systematic; driver failures sometimes traced to hardware revision issues; USB protocol problems investigated but incompletely; hardware compatibility gaps slowly discovered over time.,Systematic RCA for all field failures; drivers cross-verified against hardware revisions; serial communication bugs traced to protocol mismatches; hardware test results identify issues pre-deployment; support team documents lessons learned for common failures.,Proactive RCA identifies issues before field deployment; automated test suites prevent driver/hardware mismatch failures; USB protocol handling hardened against edge cases; failure patterns analyzed to prevent recurrence; field data fed back into development test matrix.
,IRR,Escalation & Response,High,Deployed kiosk failures take hours to escalate; response time to critical hardware issues >4 hours; no on-call rotation for critical escalations; crisis response chaotic without clear ownership.,Escalation path defined but inconsistent execution; response time 2-3 hours for critical issues; basic on-call rotation exists; crisis communication somewhat coordinated but with gaps.,Clear escalation criteria and path; response time <1 hour for deployed kiosk failures; on-call rotation covers all critical hardware; incident commander assigned; crisis communication through defined channels; post-incident reviews capture learnings.,Sub-1-hour response for all critical deployed failures; 24/7 on-call coverage for hardware emergencies; incident commander trained and rotated; automated alerting for kiosk health; field diagnostic tools enable remote resolution; post-incident reports standardized and actionable.
,IRR,Hardware/System Health,High,Firmware versions not tracked; driver versions mismatched across deployments; hardware health unknown until failure; no visibility into deprecated hardware versions still in field.,Firmware versions documented but not consistently deployed; driver versions tracked loosely; hardware health partially monitored; some deprecated hardware still in field.,Firmware inventory tracked and deployment scheduled; driver versions standardized and tested; hardware health monitored remotely; deprecated hardware identified and lifecycle managed; vendor firmware updates evaluated before deployment.,Automated firmware deployment and version tracking; driver version matrix ensures compatibility; real-time hardware health monitoring with predictive failure alerts; hardware EOL managed proactively; vendor firmware evaluated against field performance data.
,IRR,Testing & Deployment,High,Hardware testing minimal; deployment to kiosks untested; serial communication edge cases not covered; fingerprint scanner and cash acceptance integration inadequately tested; production issues common.,Basic hardware test coverage; most deployments tested but some edge cases missed; integration testing partial; occasional production issues with new hardware versions; field regressions happen.,"Comprehensive hardware testing before deployment; integration test coverage for fingerprint, cash acceptance, and serial protocols; deployment validation checklist used; regression test suite prevents field failures; hardware version compatibility matrix maintained.",Automated hardware test suite covers all device types and protocols; pre-deployment validation 100% automated; integration test coverage >95%; deployment to kiosks zero-downtime with rollback plan; hardware compatibility matrix generated automatically from test results.
,DCT,Code/Fix Review & Turnaround,Medium,Code reviews delayed or incomplete; driver fixes stuck in review 1+ weeks; hardware integration changes not reviewed against test results; feedback-to-resubmit cycle slow; rework common due to poor review quality.,Code reviews happen but sometimes superficial; driver fixes reviewed within 3-5 days; hardware integration review basic; some feedback loops delayed; rework occasional.,Code reviews completed within 48 hours; driver fixes reviewed with hardware test validation; hardware integration changes reviewed for abstraction layer impact; feedback loops tight; rework minimal.,Code reviews completed within 24 hours with detailed feedback; automated linting/analysis pre-reviews; driver changes validated against full test matrix before approval; hardware integration changes assessed for performance/reliability; rework rate <5%.
,DCT,Requirement Clarity,Medium,Hardware spec requirements unclear or missing; integration requirements undefined; support ticket descriptions vague; developer time wasted clarifying; driver requirements misunderstood.,Basic hardware specs documented but gaps exist; integration requirements partially defined; support tickets sometimes unclear; clarification questions common but usually answered; driver specs could be clearer.,Hardware specs and integration requirements documented and shared pre-development; support tickets include hardware context and spec references; driver requirements clearly defined with edge cases; developer onboarding includes hardware/integration primer.,Hardware specification database accessible to all; integration requirement templates standardized; support tickets automatically linked to relevant hardware specs; driver requirements include test vectors; developer onboarding includes hands-on hardware familiarization.
,DCT,Build/Test/Deploy Friction,Medium,Hardware-dependent tests difficult to run; test bench setup complex/manual; CI/CD doesn't account for hardware variations; build-test-deploy cycle >1 week; developer machines need manual hardware SDKs.,Test bench setup documented but manual; some hardware-dependent tests automated; CI/CD basic but limited hardware coverage; build-test-deploy cycle 3-5 days; hardware SDKs inconsistently installed.,Test bench setup automated; most hardware-dependent tests in CI/CD; build-test-deploy cycle 1-2 days; developer machines have standardized hardware SDK setup; simulation environment available for common hardware.,Automated test bench provisioning; comprehensive hardware test coverage in CI/CD; build-test-deploy cycle <24 hours; docker/container-based hardware SDK distribution; hardware simulation enables offline development.
,DCT,Bottleneck Management,Medium,Hardware procurement delays block development; test bench unavailable for days; single developer bottleneck for hardware-specific code; escalations wait on vendor responses; deployment windows missed.,Procurement planned but sometimes delayed; test bench availability 70-80%; hardware knowledge somewhat concentrated; vendor escalations tracked but slow; deployment windows usually met.,Procurement planned 2+ months ahead; test bench availability 90%+; hardware knowledge distributed across 2+ developers; vendor escalations assigned clear SLA; deployment windows consistently met.,Procurement 6-month roadmap eliminates delays; test bench 24/7 availability; hardware knowledge documented and distributed; vendor escalations resolved within 48 hours; deployment windows never missed due to resource constraints.
,CDQ,Software Architectural Integrity,High,Hardware abstraction layer missing; device-specific code scattered across codebase; C# patterns inconsistent; driver code tightly coupled to hardware details; refactoring to support new devices very difficult.,Basic abstraction layer exists but incomplete; some device-specific code separated; C# patterns mostly followed; driver coupling to hardware moderate; adding new device support takes 2-3 weeks.,"Well-designed hardware abstraction layer; device implementations follow consistent interface; C# best practices applied (async/await, interfaces, dependency injection); driver code loosely coupled; new device support integrates in 1-2 weeks.","Scalable abstraction layer supports rapid device onboarding; clean separation of concerns (protocol, device, business logic); C# patterns enforce architectural integrity; plugin architecture for new hardware; new device support integrates in 2-3 days."
,CDQ,Documentation,High,Hardware integration guide missing or outdated; driver code undocumented; support runbooks non-existent; new developers struggle for weeks; troubleshooting guides absent.,Basic integration guide exists but incomplete; driver code partially documented; support runbooks exist but incomplete; new developers need 2+ weeks to get productive; troubleshooting guides cover common issues.,Comprehensive integration guide with hardware spec references; driver code documented including edge cases; support runbooks cover 80% of ticket types; new developers productive in 1 week; troubleshooting decision tree covers most scenarios.,Living hardware integration documentation with examples and diagrams; driver API documentation auto-generated from code; support runbooks comprehensive with escalation paths; new developers productive in 2-3 days; troubleshooting guide searchable and AI-indexed; architecture decision records maintained.
,CDQ,Review & Mentorship,High,Code reviews minimal; no mentorship of support staff on development practices; hardware knowledge not transferred; junior developers lack guidance; code quality varies significantly.,Regular code reviews but limited depth; some mentorship happening; hardware knowledge shared informally; junior developer guidance inconsistent; code quality improving.,Rigorous code reviews with architectural focus; structured mentorship for support team on troubleshooting logic; hardware protocols taught systematically; junior developers paired with experienced; code quality consistent.,Code reviews drive design excellence and knowledge sharing; mentorship program grows support team's technical depth; hardware architecture mastery documented and taught; junior developers shadow experienced devs on complex features; code quality metrics drive continuous improvement.
,CDQ,Technical Debt,High,Significant technical debt in driver code; hardware abstraction layer patches holding together; C# version outdated; refactoring backlog months long; debt compounds monthly.,Some technical debt acknowledged; major debt items identified; incremental refactoring happening; C# version somewhat outdated; debt compounding but slowly.,Technical debt tracked and prioritized; 10-15% of sprint capacity allocated to debt reduction; C# version current; major refactors completed; debt stable or declining.,Technical debt metrics tracked and trending down; 20% of sprint capacity on debt reduction; C# version latest stable; proactive refactoring prevents architecture drift; design patterns applied consistently preventing future debt accumulation.
,TDA,Debt Visibility,Low,Legacy driver code not documented; outdated hardware support code unknown extent; vendors with EOL hardware still deployed; technical debt hidden in dark corners.,Some legacy code identified; outdated hardware support partially catalogued; some EOL hardware tracked; debt visibility improving but incomplete.,Legacy driver code catalogued with impact assessment; outdated hardware support documented; EOL hardware inventory maintained; technical debt backlog exists and prioritized.,Automated legacy code analysis; technical debt dashboard with trend lines; EOL hardware tracked with replacement roadmap; impact of each debt item quantified; debt visibility drives decision making.
,TDA,Strategic Allocation,Low,No time allocated for debt reduction; development velocity entirely consumed by new features; hardware legacy codebase never refactored; debt interest accumulates.,Occasional debt reduction effort; some time allocated but not formal; legacy hardware code addressed ad-hoc; debt reduction inconsistent.,10-15% of sprint capacity allocated to debt reduction; legacy code refactored systematically; hardware abstraction improvements prioritized; debt paydown planned quarterly.,20% of sprint capacity allocated to debt reduction; strategic roadmap for hardware modernization; legacy driver code migration planned; technical debt considered in all architectural decisions.
,TDA,Risk Mitigation,Low,Hardware vendor EOL dates not tracked; EOL hardware still in field unmaintained; supply chain risks not considered; old driver versions not secured against new vulnerabilities.,Some EOL dates tracked; EOL hardware being phased out slowly; supply chain concerns raised but not addressed; driver vulnerability management basic.,EOL dates tracked and communicated 12 months in advance; hardware refresh roadmap prevents EOL surprises; supply chain diversity considered; driver security updates applied across versions.,Proactive EOL management with replacement hardware tested pre-announcement; hardware supply chain resilience built in; legacy drivers patched for critical vulnerabilities; vendor relationship enables extended support on critical hardware.
,TDA,Prevention,Low,No standards for hardware support lifecycle; outdated hardware easily deployed to field; legacy code patterns propagate; future debt creation unaddressed.,Basic standards beginning to form; hardware support lifecycle documented loosely; some legacy patterns avoided; future debt creation partly addressed.,Clear hardware support lifecycle policy; vendor selection includes support duration assessment; code review prevents legacy patterns; architectural standards prevent future debt.,Hardware support lifecycle policy integrated into procurement process; vendor contracts include support EOL clauses; code patterns enforced through linting; architectural principles prevent debt accumulation through training.
,TSD,Mentorship & Growth,High,No formal mentorship; only 2 developers and neither mentors; support team skill growth stalled; new developer onboarding ad-hoc; knowledge lost when people leave.,Informal mentorship happening; some support staff learning development basics; onboarding checklist exists; knowledge sharing sporadic; career path unclear.,Structured mentorship: developers mentor support team on hardware troubleshooting; support staff learning C# basics; onboarding includes hardware integration training; career path defined; knowledge documentation happening.,Formal mentorship program pairing developers with support staff; support staff rotating into development on features; regular knowledge transfer sessions; career progression clear with skill milestones; external training budget allocated; certifications encouraged.
,TSD,Knowledge Sharing,High,Critical hardware knowledge concentrated in 1-2 people; documentation minimal; support team doesn't understand driver internals; no cross-training; knowledge exits with departing staff.,Some knowledge documentation; support team learning hardware concepts; informal cross-training happening; key knowledge identified but not documented comprehensively; knowledge risk acknowledged.,Hardware integration knowledge documented in runbooks and guides; support team understands driver architecture; cross-training rotating support staff through development; critical knowledge backed up; weekly knowledge-share meetings.,"Comprehensive knowledge base: hardware protocols, driver architecture, troubleshooting logic all documented; support team cross-certified on all hardware types; development knowledge in video form; peer mentorship culture strong; knowledge retirement planning in place."
,TSD,Tech Stack Evolution,High,C#/.NET skills stagnant; new language features not adopted; hardware protocols using outdated approaches; no evaluation of modern alternatives; team stuck with legacy patterns.,Some C#/.NET upskilling happening; newer language features used occasionally; hardware protocol approaches reviewed; exploration of modern tools infrequent; evolution ad-hoc.,C# version current; .NET framework modernization planned; async/await patterns applied; hardware protocols use current best practices; quarterly tech review evaluates new tools; team trained on changes.,"C# latest version adopted; .NET modernization roadmap clear; cutting-edge patterns (MVVM, reactive) applied; hardware protocol libraries evaluated for performance; emerging technologies (MAUI for kiosk UI) explored; tech evolution driven by business needs."
,TSD,Skill Diversity,High,Developers only know development; support team only knows ticket handling; no cross-training on hardware protocols; skills are narrow and specialized in isolation.,Some developers understand support workflows; support team learning coding basics; hardware protocol knowledge being shared; skill breadth improving but limited.,Developers understand field support challenges; support team can read and understand driver code; cross-training on serial communication and USB protocols; developers understand kiosk deployment constraints.,Developers have shipped features in field deployments; support team can contribute code improvements; hardware protocol expertise distributed; diverse skill sets enable team flexibility; developers understand operations perspective; cross-functional projects strengthen diverse skills.
,TER,Psychological Safety,Medium,Team fears speaking up about issues; mistakes result in blame; new ideas shut down; field failures trigger team stress; no safe space for failure.,Team somewhat comfortable speaking up; mistakes mostly not blamed but sometimes; new ideas welcomed if from senior staff; field failures cause some stress; growing safety.,Team freely discusses challenges and new ideas; mistakes treated as learning opportunities; blameless postmortems after failures; field team feels supported when issues occur; safety reinforced regularly.,Strong psychological safety: team proactively identifies problems; failure is normalized as learning; team experiments with new solutions; field team trusted to make judgment calls; retro discussions focus on systems not individuals.
,TER,Purpose & Impact,Medium,Support team sees repetitive ticket work as unfulfilling; no connection to business impact; developer team disconnected from field outcomes; purpose unclear; low morale.,Some team members see impact of their work; business goals communicated sometimes; field feedback shared occasionally; purpose somewhat clear; morale moderate.,Team understands how work impacts customers/kiosk uptime; support tickets linked to field team satisfaction; monthly impact metrics shared; developers see field deployment outcomes; team feels valued.,Team passionate about customer impact; support staff see their ticket resolutions enable business growth; monthly field trip for developers; customer testimonials shared; purpose reinforced quarterly; team energized by impact visibility.
,TER,Retention & Engagement,Medium,High turnover on support team; developers leave due to frustration; engagement scores low; team seems disengaged; little initiative or ownership.,Turnover moderate; some team members engaged; engagement mixed; some ownership demonstrated; retention concerns present but not critical.,Turnover below industry average; team engaged and proactive; ownership culture present; support team tenure 2+ years average; morale stable.,Retention high even for support roles; team tenure 4+ years average; proactive initiative common; ownership culture strong; engagement scores consistently high; team members recommend company to peers.
,TER,Recognition & Rewards,Medium,No recognition for support team's hard work; salary competitive? unclear; bonuses not performance-based; career path undefined; no celebration of wins.,Occasional recognition of good work; salary competitive; some performance-based bonuses; career path beginning to be defined; wins sometimes celebrated.,Regular recognition program; salary benchmarked competitively; performance bonuses clear and fair; career path defined with growth milestones; wins celebrated team-wide.,Spot bonus program for exceptional work; support team compensation competitive with market; equity/options offered; clear career progression with skill-based advancement; team celebrations for major releases; recognition tied to impact metrics.
,KSI,Institutional Memory,High,Hardware integration knowledge exits when people leave; critical driver insights not recorded; vendor relationship knowledge siloed; historical context of kiosk deployments unknown; repeating past mistakes.,Some institutional knowledge documented; key driver insights recorded; vendor relationships have some backup; deployment history partially tracked; some past lessons relearned.,Hardware integration knowledge documented and accessible; driver architecture decisions recorded; vendor relationships maintained by team; deployment history tracked with lessons learned; institutional knowledge growing.,"Comprehensive institutional knowledge repository: hardware integration decision tree, driver history, vendor relationships documented; every kiosk deployment outcomes recorded; lessons learned database searchable; knowledge updates automated from field data."
,KSI,Cross-Division Knowledge Sharing,High,Hardware team siloed from rest of organization; field deployment teams don't understand hardware constraints; business teams don't know hardware roadmap; limited cross-functional learning.,Some communication with other divisions; hardware constraints shared occasionally; roadmap communicated to key stakeholders; cross-functional meetings happening sometimes.,"Regular communication with deployment, operations, and business teams; hardware constraints documented and shared; hardware roadmap visible to stakeholders; quarterly cross-division learning sessions.",Seamless knowledge flow with all divisions; hardware constraints embedded in business planning; field teams proactively educated; monthly cross-division innovation sessions; hardware innovations shared across organization.
,KSI,R&D & Experimentation,High,No time for exploring new hardware technologies; reactive to vendor announcements; no proof-of-concept projects; team doesn't experiment with new approaches.,Occasional exploration of new hardware; vendor announcements reviewed quarterly; some POC projects; limited experimentation with new techniques.,Quarterly evaluation of new hardware capabilities; vendor roadmap reviewed semi-annually; 1-2 POC projects annually; team encouraged to experiment; promising experiments scaled.,Dedicated R&D time for hardware innovation; vendor partnerships explore emerging tech; quarterly POC projects; team runs experiments autonomously; successful experiments drive product roadmap; hardware innovation recognized.
,KSI,Industry Leadership,High,Team disconnected from industry trends; no participation in hardware communities; vendor relationships transactional; no thought leadership; team not known in industry.,Some awareness of industry trends; occasional vendor engagement; vendor relationships developing; team learning from industry peers; beginning visibility.,Active monitoring of hardware industry trends; vendor partnerships collaborative; team participates in relevant communities; internal expertise recognized; sharing lessons with industry peers.,Team recognized as thought leaders in hardware integration; vendor partnerships strategic; speaking at industry conferences; team members recognized experts; influencing hardware standards; mentoring other organizations.
,PD,Vision Translation,Medium,Hardware roadmap misaligned with business vision; features don't support strategic goals; hardware selection doesn't enable new markets; team confused about direction.,Hardware roadmap somewhat aligned with vision; most features support goals; hardware selection partially strategic; team mostly understands direction.,Hardware roadmap directly supports business vision; features clearly tied to strategic initiatives; hardware selection enables new market opportunities; team fully aligned on direction.,Hardware roadmap is the business vision for hardware integration; every feature selected for strategic impact; hardware investments unlock new markets; team evangelizes direction; roadmap drives vendor partnerships.
,PD,Strategic Initiative,Medium,Hardware team reactive to business requests; no proactive hardware roadmap; strategic gaps identified but not addressed; feature prioritization random.,Some strategic planning; hardware roadmap exists but incomplete; strategic gaps partially addressed; feature prioritization mostly logical.,Clear hardware strategy aligned with business; proactive feature roadmap 6+ months out; strategic gaps addressed systematically; feature prioritization data-driven.,Hardware strategy drives business expansion; feature roadmap 12+ months out with rationale; strategic opportunities identified and pursued; feature prioritization transparent and impact-measured.
,PD,Impact Measurement,Medium,Hardware team success not measured; kiosk uptime metrics not tracked; ticket resolution impact unclear; ROI of hardware investments unknown.,Some metrics tracked; kiosk uptime monitored; ticket resolution metrics basic; hardware ROI not clear.,"Key metrics tracked: kiosk uptime, ticket resolution time, hardware reliability; ROI calculated for major investments; metrics reviewed monthly; improvements tracked.","Comprehensive metrics dashboard: uptime by hardware type, ticket resolution by issue category, field failure rates; ROI measured and communicated; metrics tied to team performance; data drives prioritization."
,PD,Narrative Ownership,Medium,Hardware team story not told; business doesn't understand hardware value; support team not credited for uptime achievements; hardware challenges blamed on team not resources.,Hardware value sometimes communicated; support team occasionally recognized; challenges discussed with some context; narrative emerging.,Hardware team story told regularly; support team recognized for uptime achievements; hardware challenges contextualized with resource constraints; team takes ownership of narrative.,Hardware team story compelling and visible; field teams celebrate support staff contributions; challenges communicated as learning opportunities; success attributed appropriately; team proudly owns hardware narrative.
,RDM,Issue Resolution,High,Deployed kiosk failures unresolved for days; support ticket resolution stalled; hardware issues escalate without triage; emergency response chaotic; customer impact unmitigated.,Most kiosk failures resolved within 24 hours; ticket resolution mostly timely; escalation somewhat organized; emergency response improving; customer impact managed.,Deployed kiosk failures resolved within 4-6 hours; ticket resolution consistent; escalation process clear and efficient; emergency response coordinated; customer impact minimized.,Critical deployed failures resolved within 1-2 hours; all tickets resolved to customer satisfaction; escalation automatic and efficient; emergency response swift and effective; zero unresolved critical issues.
,RDM,Proactive Risk Mitigation,High,Hardware vendor changes discovered after impact; supply chain disruptions cause deployment delays; EOL hardware still deployed; no contingency planning.,Vendor changes monitored somewhat; supply chain concerns acknowledged; EOL hardware being phased out; basic contingency planning.,Vendor changes tracked and communicated 90 days ahead; supply chain diversity planned; EOL hardware roadmap clear; contingency plans for critical vendors.,Vendor relationships enable early warning of changes; supply chain resilience built in; zero surprises from EOL hardware; contingency plans tested; proactive risk management culture.
,RDM,Trade-off Transparency,High,Hardware decisions made without explaining trade-offs; support cost vs. feature quality tensions not discussed; deployment speed vs. quality not contextualized; decisions seem arbitrary.,Some decision rationale communicated; trade-offs discussed occasionally; cost/quality tension acknowledged; transparency improving.,Hardware decision trade-offs documented; support cost vs. quality trade-offs explained; deployment timing rationale clear; stakeholders understand decisions.,Trade-off analysis transparent: hardware A vs B with cost/reliability/performance comparison; support cost models shared; deployment schedule rationale documented; stakeholders trust decision process.
,RDM,Crisis Ownership,High,Deployed kiosk outages blamed on external factors; team doesn't take ownership of resolution; crisis communication unclear; finger-pointing happens; recovery slow.,Team mostly takes ownership of crises; some blame-shifting; communication improving; recovery adequate.,Team owns crisis resolution completely; external constraints communicated clearly; crisis communication transparent; recovery efficient; post-crisis learning captured.,Team proactively owns crisis response; customer communication transparent and timely; recovery swift and complete; post-crisis analysis drives improvements; crisis management excellence demonstrated.
,CSF,Stakeholder Communication,Medium,Field teams unaware of support ticket status; deployment windows communicated late; hardware changes surprise stakeholders; ClickUp not visible to key people; communication ad-hoc.,Basic ticket visibility in ClickUp; deployment windows communicated with some notice; hardware changes mostly communicated; stakeholder awareness improving.,Real-time ticket visibility for field teams; deployment windows communicated 2+ weeks ahead; hardware changes communicated proactively; ClickUp dashboard accessible to stakeholders; weekly communication cadence.,Automated stakeholder updates on ticket progress; deployment schedule published quarterly; hardware changes communicated with impact analysis; stakeholder ClickUp access optimized; daily briefing for critical issues.
,CSF,Response Timeliness,Medium,Support response >5 hours for critical issues; ticket updates delayed; field teams wait for status; escalation slow; response time unpredictable.,Support response 2-4 hours typical; ticket updates mostly timely; field team waits sometimes; escalation improving; response time getting faster.,Support response <2 hours for critical issues; ticket updates within 4 hours; field teams updated proactively; escalation swift; response time consistent.,Support response <1 hour for critical deployed failures; real-time ticket updates; field teams proactively informed; escalation automatic; response time <30 minutes average.
,CSF,Internal Knowledge Sharing,Medium,Support team discoveries not shared with development; lessons learned not documented; field insights not fed back; knowledge silos strong.,Some support team findings shared; lessons documented occasionally; field insights mentioned sometimes; knowledge silos weakening.,Support team findings regularly shared with development; lessons learned documented systematically; field insights fed back monthly; knowledge sharing culture emerging.,Support team drives development priorities; lessons learned captured in real-time; field insights analyzed for trends; weekly knowledge share sessions; development roadmap informed by support intelligence.
,CSF,Feedback Loop Quality,Medium,Feedback from field teams not systematized; no way to report hardware issues; stakeholder input into roadmap unclear; feedback ignored.,Basic feedback mechanism exists; some hardware issues reported; stakeholder input considered; feedback acknowledged sometimes.,Feedback mechanism clear and used; hardware issues reported and tracked; stakeholder input influences roadmap; feedback analyzed for trends; quarterly feedback review.,Automated feedback collection from field teams; every hardware issue tracked with resolution; stakeholder input drives quarterly roadmap; feedback trends analyzed and acted upon; feedback loop demonstrably improves operations.
,CD,Skill Gap Closure,Medium,Developers lack hardware integration skills; support team has no coding knowledge; skill gaps widening; training budget zero; gaps not addressed.,Some skill development happening; training budget exists; skill gaps acknowledged; self-directed learning; gaps slowly closing.,Structured training on hardware integration protocols; support staff learning C# basics; skill gaps identified and addressed; annual training budget allocated; skills improving.,"Comprehensive training program: hardware protocols, driver architecture, coding standards; external certifications supported; skill gaps eliminated proactively; internal training delivery; continuous upskilling culture."
,CD,Process Improvement,Medium,Support workflows inefficient and manual; ticket triage takes hours; repetitive tasks not automated; processes unchanged for years; continuous improvement not happening.,Some process improvements; ticket triage somewhat automated; some repetitive tasks eliminated; improvements occasional; process review yearly.,Efficient support workflows documented; ticket triage semi-automated; repetitive tasks mostly automated; continuous improvement mindset; process review quarterly.,Highly optimized support workflows; ticket triage fully automated; repetitive tasks fully automated (remote diagnostics); continuous improvement systematic; process review monthly with data-driven changes.
,CD,Automation & Tooling,Medium,Manual hardware testing consuming time; no remote diagnostics; ClickUp not optimized for workflow; debugging tools missing; automation minimal.,Some hardware testing automated; basic remote diagnostics; ClickUp partially optimized; debugging tools improving; automation growing.,Automated hardware test suite for common scenarios; remote diagnostics enable field troubleshooting; ClickUp workflow optimized; debugging tools comprehensive; 40% of manual work automated.,Comprehensive hardware test automation; advanced remote diagnostics with AI analysis; ClickUp integration with development tools; debugging toolkit extensive; 70%+ of repetitive work automated; automation ROI tracked.
,CD,Learning Culture,Medium,No time for learning; skill development seen as distraction; mistakes don't lead to learning; team disengaged from growth; learning not valued.,Some learning time; mistakes trigger review; team interested in growth; learning somewhat valued; culture developing.,Dedicated learning time; mistakes treated as learning opportunities; team encouraged to develop; learning culture visible; improvement mindset present.,Strong learning culture: experimentation encouraged; mistakes analyzed for lessons; team passionate about development; continuous learning expected; knowledge sharing celebrated; improvement mindset pervasive.
,LX,Change Adoption Rate,Low,New processes rejected by team; resistance to hardware changes; tool changes slow to adopt; adoption rate <20%; change management absent.,Some resistance to change; adoption moderate 40-60%; change management basic; team gradually adapts.,Clear change communication; adoption rate 80%+; change management planned; team supports improvements; rapid adoption.,Proactive change leadership; adoption rate >95%; team drives change; continuous improvement culture; resistance minimal; change excitement high.
,LX,Resistance Management,Low,Resistance ignored or squashed; concerns not heard; change forced; team frustrated; resentment builds.,Resistance acknowledged; concerns heard sometimes; change mostly voluntary; team somewhat cooperates.,Resistance heard and addressed; concerns documented; change supported with training; team cooperates willingly.,Resistance addressed proactively; concerns become improvements; change celebrated; team leads adoption; support for change enthusiastic.
,LX,Vision Casting,Low,Team doesn't understand direction; vision unclear or absent; hardware roadmap not inspiring; team wondering why they're doing this.,Vision exists but not compelling; direction somewhat clear; team understands generally; motivation moderate.,Clear vision communicated regularly; hardware roadmap inspiring; team understands 'why'; direction motivates team.,Compelling vision that energizes team; hardware roadmap exciting and achievable; team passionate about mission; direction clear and inspiring; vision drives daily decisions.
,LX,Stability vs. Agility,Low,Team either frozen in analysis or chaotically changing constantly; no balance between stability and agility; change exhaustion or stagnation.,Some attempts to balance; occasional instability; change rate somewhat controlled; balance improving.,Balance struck between stability and agility; change managed carefully; team comfortable with pace; operations stable.,"Excellent balance: team agile when needed, stable otherwise; change rate optimal for context; team thrives; operations reliable and improving."
,IO,Team Morale & Energy,Medium,Support team demoralized by repetitive work; developers stressed by support demands; low energy; people seem disengaged; morale dropping.,Team morale moderate; some energy; occasional engagement; morale stable but not high.,Team morale good; energy positive; engagement visible; team enjoys working together; morale trending up.,High team morale and energy; team excited about work; engagement strong; supportive atmosphere; morale consistently high; people want to stay.
,IO,Mentorship & Empowerment,Medium,No mentorship; team micromanaged; decisions made for people not by people; empowerment absent; team disengaged.,Some mentorship happening; team given some autonomy; decisions increasingly collaborative; empowerment growing.,Structured mentorship; team empowered to make decisions; autonomy respected; ownership culture present.,Strong mentorship culture; team fully empowered; ownership everywhere; decisions made at team level; mentorship develops future leaders.
,IO,Vulnerability & Trust,Medium,Team hides problems; low trust; people afraid to be honest; defensive communication; walls between people.,Some vulnerability; trust developing; more honesty; communication improving; walls lowering.,Team comfortable being vulnerable; trust strong; honest communication; psychological safety evident; open feedback.,High trust and vulnerability; team completely honest; open communication about challenges; strong bonds; people support each other.
,IO,Recognition of Potential,Medium,Team potential not recognized; people treated as their current role; limited growth seen; potential wasted; opportunities missed.,Some potential recognized; growth opportunities offered; people developing; potential increasing.,Potential recognized and developed; growth opportunities clear; team members advancing; potential nurtured.,High potential recognized and cultivated; growth opportunities abundant; team members advancing rapidly; future leaders identified; potential unleashed.
,CPS,Innovative Implementation,Low,Hardware workarounds missing for known issues; integration problems brute-forced instead of solved elegantly; serial communication bugs patched not fixed; innovation absent.,Some creative hardware solutions; workarounds developed for common issues; serial protocol improvements attempted; innovation occasional.,Creative hardware solutions enable seamless integration; workarounds documented and reused; serial communication robust; innovation encouraged; clever solutions recognized.,Innovative hardware integration approaches; workarounds elegant and scalable; serial communication handling optimized; innovation routine; team known for clever solutions.
,CPS,Blocker Resolution,Low,Hardware procurement delays halt development; vendor issues cause extended outages; deployment blockers unresolved for weeks; team stuck.,Blockers usually resolved but sometimes delay; vendor issues addressed; procurement improving; team finds workarounds.,Blockers resolved quickly; vendor issues managed; procurement efficient; team autonomy enables progress; blockers rare.,Blockers resolved within days; vendor partnerships enable rapid issue resolution; procurement optimized; team empowered to work around constraints.
,CPS,Culture of Experimentation,Low,Failure forbidden; tried-and-true only; new approaches not allowed; experimentation absent; no risk-taking.,Some experimentation; failure accepted sometimes; new approaches tried occasionally; risk-taking emerging.,Experimentation encouraged; failure normalized; new approaches explored; controlled risk-taking; learning from experiments.,Strong experimentation culture; failure is valuable learning; new approaches routine; smart risk-taking encouraged; experimentation drives innovation.
,CPS,Resourceful Orchestration,Low,Resource constraints seen as blockers; limited ability to work with available resources; team feels under-resourced; resourcefulness absent.,Some resourcefulness; constraints sometimes overcome; team finds workarounds; resourcefulness developing.,Team creative with available resources; constraints addressed through clever approaches; resourcefulness evident; making do becomes strength.,Exceptional resourcefulness; tight constraints inspire creative solutions; team thrives with limited resources; orchestration of available resources skillful.
